{
  "name": "Temple Run 2",
  "short_name": "Temple Run 2",
  "description": "Play one of the top mobile games made by Imangi Studios right in your browser! Run as you are being chased, how far will you go?",
  "version": "2.0",
  "theme_color": "#000000",
  "background_color": "#000000",
  "display": "fullScreen",
  "orientation": "any",
  "start_url": "index.html",
  "icons": [
    {
      "src": "img/icons/icon-72x72.png",
      "sizes": "72x72",
      "type": "image/png"
    },
    {
      "src": "img/icons/icon-96x96.png",
      "sizes": "96x96",
      "type": "image/png"
    },
    {
      "src": "img/icons/icon-128x128.png",
      "sizes": "128x128",
      "type": "image/png"
    },
    {
      "src": "img/icons/icon-144x144.png",
      "sizes": "144x144",
      "type": "image/png"
    },
    {
      "src": "img/icons/icon-152x152.png",
      "sizes": "152x152",
      "type": "image/png"
    },
    {
      "src": "img/icons/icon-192x192.png",
      "sizes": "192x192",
      "type": "image/png"
    },
    {
      "src": "img/icons/icon-384x384.png",
      "sizes": "384x384",
      "type": "image/png"
    },
    {
      "src": "img/icons/icon-512x512.png",
      "sizes": "512x512",
      "type": "image/png"
    }
  ]
}